Lastname;Name;Surname;Login;Password;Role
Никифоров;Всеволод;Иванович;loginDEjrm2018;Cpb+Im;Клиент
Воронов;Донат;Никитевич;loginDEpxl2018;P6h4Jq;Администратор
Игнатьева;Евгения;Валентиновна;loginDEwgk2018;&mfI9l;Клиент
Буров;Федот;Егорович;loginDEpou2018;gX3f5Z;Администратор
Иван ;Семёновна;loginDEjwl2018;D4ZYHt;Менеджер
Денисов;Дамир Филатович;loginDEabf2018;*Tasm+;Клиент
Ершов;Максим Геласьевич;loginDEwjm2018;k}DJKo;Клиент
Копылов;Куприян Пётрович;loginDEjvz2018;&|bGTy;Менеджер
Носов;Валерьян Дмитрьевич;loginDEuyv2018;8hhrZ};Менеджер
Силин;Игорь Авдеевич;loginDExdm2018;DH68L9;Администратор
Дроздова;Александра Мартыновна;loginDEeiv2018;H*BxlS;Менеджер
Дроздов;Аркадий Геласьевич;loginDEfuc2018;VuM+QT;Клиент
Боброва;Варвара Евсеевна;loginDEoot2018;usi{aT;Менеджер
Чернова;Агата Данииловна;loginDElhk2018;Okk0jY;Менеджер
Лыткина;Ульяна Станиславовна;loginDEazg2018;s3bb|V;Клиент
Лаврентьев;Леонид Игнатьевич;loginDEaba2018;#ИМЯ?;Администратор
Кулаков;Юрий Владленович;loginDEtco2018;tTKDJB;Клиент
Соловьёв;Андрей Александрович;loginDEsyq2018;2QbpBN;Менеджер
Корнилова;Марфа Макаровна;loginDEpxi2018;+5X&hy;Клиент
Белоусова;Любовь Георгьевна;loginDEicr2018;3+|Sn{;Клиент
Анисимов;Никита Гордеевич;loginDEcui2018;Zi1Tth;Менеджер
Стрелкова;Фаина Федосеевна;loginDEpxc2018;G+nFsv;Клиент
Осипов;Евгений Иванович;loginDEqrd2018;sApUbt;Администратор
Владимирова;Иванна Павловна;loginDEsso2018;#ИМЯ?;Менеджер
Кудрявцева;Жанна Демьяновна;loginDErsy2018;{Aa6nS;Менеджер
Матвиенко;Яков Брониславович;loginDEvpz2018;mS0UxK;Менеджер
Селезнёв;Егор Артёмович;loginDEfog2018;glICay;Клиент
Брагин;Куприян Митрофанович;loginDEpii2018;Ob}RZB;Клиент
Гордеев;Виктор Эдуардович;loginDEhyk2018;*gN}Tc;Администратор
Мартынов;Онисим Брониславович;loginDEdxi2018;ywLUbA;Менеджер
Никонова;Евгения Павловна;loginDEzro2018;B24s6o;Менеджер
Полякова;Анна Денисовна;loginDEuxg2018;K8jui7;Клиент
Макарова;Пелагея Антониновна;loginDEllw2018;jNtNUr;Клиент
Андреева;Анна Вячеславовна;loginDEddg2018;gGGhvD;Администратор
Кудрявцева;Кира Ефимовна;loginDEpdz2018;#ИМЯ?;Клиент
Шилова;Кира Егоровна;loginDEyiw2018;cnj3QR;Менеджер
Ситников;Игорь Борисович;loginDEqup2018;95AU|R;Администратор
Русаков;Борис Христофорович;loginDExil2018;w+++Ht;Администратор
Капустина;Ульяна Игоревна;loginDEkuv2018;Ade++|;Менеджер
Беляков;Семён Германнович;loginDEmox2018;Je}9e7;Менеджер
Гурьев;Ириней Игнатьевич;loginDEvug2018;lEa{Cn;Клиент
Мишин;Христофор Леонидович;loginDEzre2018;N*VX+G;Клиент
Лазарева;Антонина Христофоровна;loginDEbes2018;NaVtyH;Менеджер
Маркова;Ираида Сергеевна;loginDEkfg2018;r1060q;Клиент
Носкова;Пелагея Валерьевна;loginDEyek2018;KY2BL4;Клиент
Баранов;Станислав Дмитрьевич;loginDEloq2018;NZV5WR;Администратор
Ефремов;Демьян Артёмович;loginDEjfb2018;TNT+}h;Менеджер
Константинов;Всеволод Мэлсович;loginDEueq2018;GqAUZ6;Менеджер
Ситникова;Ираида Андреевна;loginDEpqz2018;F0Bp7F;Менеджер
Матвеев;Кондрат Иванович;loginDEovk2018;JyJM{A;Администратор
